Crittenden; Daviess; Webster districts (Kentucky province)
 Pacifique (au large de la Californie)
 Bullock; Montgomery districts (Alabama province); Colquitt; Grady; Mitchell; Thomas; Tift districts (Georgia province); Washington district (Floride province); Lonoke; Prairie; Saline districts (Arkansas province)
 Kentucky; Ohio provinces
 Gainesville; Alachua areas (Alachua district; Florida province); Lafayette; Gulf districts (Florida province)
 Fort Worth Texas city (Tarrant district; Texas province); Reagan; Burleson districts (Texas province)
 Franklin; Jefferson districts (Missouri province)
 Los Alamos; Rio Arriba; Sandoval; Santa Fe districts (New Mexico province)
 Near Wilkes-Barre (Pennsylvania)
 Concord (North Carolina)
 Oklahoma province
 Sarasota district (Florida province)
 Liberty district (Texas province)
 Franklin; Jefferson; Gasconade districts (Missouri province)
 South-West Louisiana
 Adams; Columbia; Crawford; Dane; Dodge; Grant; Green; Iowa; Juneau; La crosse; Lafayette; Monroe; Richland; Rock; Sauk; Vernon districts (Wisconsin province)
 Anderson; Benton; Cheatham; Davidson; Henry; Hickman; Houston; Jackson; Knox; Lake; Obion; Perry; Pickett; Stewart districts (Tennessee province)
 Park; Jefferson; Larimer districts (Colorado province)
 Near Cleveland
 Hanford area (Benton district; Washington province)
 Texas; Louisiana; Alabama provinces
 Alaska province
 Granite Falls city (Yellow Medicine; Minnesota province)
 Arizona; California; Colorado; Idaho; Montana; Nevada; New Mexico; Oregon; South Dakota; Texas; Utah; Washington; Wyoming; Florida; North Dakota provinces
 Morris; Sussex districts (New Jersey province)
 Pennsylvania province
 Near Carlsbad (Nouveau Mexique)
 Near Yountville city (Napa district; California province)
 Xenia city (Greene district; Ohio province)
 Miami-Dade; Monroe; Broward; Collier districts (Florida province)
 Boston
 Buffalo city (Erie district; New York province)
 Texas; Oklahoma; New Mexico; Arkansas; Missouri; Minnesota provinces
 Maui district (Hawaii province)
 Alabama; Georgia; Louisiana; North Carolina; South Carolina; Tennessee; Virginia; New York; Pennsylvania; Massachussetts provinces
 Tuscaloosa district (Alabama province); Connecticut; Florida; Georgia; Massachusetts; Mississippi; Norh Carolina; New Jersey; New York; Pennsylvania; Rhode Island provinces
 Marana Northwest Regional Airport; Tucson (Arizona)
 South Carolina; Georgia; Alabama; Florida; Louisiana; Texas provinces
 Wyoming province
 Oak Orchard (Delaware State)
 Beyers (Denver; Colorado)
 Seattle city (King district); Tacoma city (Pierce district); Olympia city (Thurston district) (Washington province)
 Georgia
 Calhoun; Lee; Pontotoc; Prentiss; Union districts (Mississippi province)
 Virginia; New Jersey; Pennsylvania; North Carolina; West Virginia; Maryland provinces
 Kearny; Trego; Ellis; Rooks; Ford; Osborne; Smith; Jewell; Edwards; Republic; Washington districts (Kansas province); Union city (Franklin district; Missouri province); Johnson; Pettis; Cooper; Callaway; St Charles; Gentry; Worth; Clark; Madison districts (Missouri); Beaver; Pontotoc; Coal; Johnston; Atoka; Haskell; Pottawatomie districts (Oklahoma province); Wichita; Cooke; Carson; Hutchinson; Hansford; Wheeler districts (Texas province); Thayer; Gage; Sarpy; Webster; Nuckolls districts (Nebraska province); Mills; Pottawattamie; Guthrie; Boone; Hamilton; Wapello; Johnson; Black Hawk; Benton; Fayette; Webster; Ringgold districts (Iowa province); Madison district (Illinois province)
 Marion; Clay districts (Florida province)
 Aspen
 Texas; Mississippi; Louisiana; Florida; Pennsylvania; South Carolina; North Carolina; Georgia; Pensylvania; New Jersey; Virginia; Iowa provinces
 Cleveland area (Henry district; Illinois province); Barstow; Osborn areas (Rock Island district; Illinois province)
 New Hampshire; Vermont; Maine; Massachusetts; Rhode Island provinces
 Minnesota; Iowa; Wisconsin; Illinois provinces
 Hoisington city (Barton district; Kansas province)
 Bering sea
 Florida province
 Blue Grass; Bettendorf cities (Scott district; Iowa province); Leon city (Decatur district; Iowa province)
 Oregon; Washington; Idaho; California; Nevada; Colorado; Arizona; Wyoming; Texas; Oklahoma provinces
 Virginia province
 Loop (Chicago)
 Siren city (Burnett district; Wisconsin province)
 Brainerd city (Crow King district; Minnesota province)
 Watkins area (Adams district; Colorado province)
 Cordell city (Washita district; Oklahoma province); Polk; Merrick; Hamilton districts (Nebraska province)
 "Howard; Prince Georges districts (Maryland province)";
 Alabama
 Pasadena city (Harris district; Texas province)
 Hondo city (Medina district; Texas province)
 Queens area (New York)
 New York
 Tennessee; Kentucky; West Virginia; Virginia; Georgia provinces
 Texas province
 Illinois; Indiana; Iowa; Kansas; Michigan; Minnesota; Missouri; Nebraska; North Dakota; Ohio; South Dakota; Wisconsin provinces
 Tennesse; Kentucky provinces
 District of Columbia province
 Jakson town (Dakota district; Nebraska province)
 Alabama; Louisiana; Virginia; North Carolina; South Carolina; Mississipi; Georgia; Pensylvania;
 Fallbrok area (San Diego district; Californie province)
 Cleveland; Comanche; Creek; Garvin; Grady; Greer; Harmon; Jackson; Kiowa; Lincoln; McClain; Nowata; Pottawatomie; Rogers; Stephens; Tillman; Tulsa; Alfalfa; Beaver; Beckham; Blaine; Caddo; Canadian; Cimarron; Custer; Dewey; Ellis; Garfield; Grant; Harper; Kay; Kingfisher; Logan; Major; Noble; Oklahoma; Osage; Pawnee; Payne; Roger Mills; Texas; Washington; Washita; Woods; Woodward districts (Oklahoma province); Missouri; Kansas; New York; Indiana; Ohio provinces
 Oklahoma; Missouri; Wisconsin; Michigan; Arkansas provinces
 Sevier; Blount; Knox; Hawkins districts (Tennessee province); Cumberland; Bell districts (Kentucky province); Wise; Smyth; Washington districts (Virginia province); Cabell district (West Virginia province); North Carolina; Mississippi; Arkansas; Texas provinces
 Tennessee; Virginia; Kentucky; Ohio; Arkansas; Oklahoma; Texas provinces
 Lincoln district (New Mexico province)
 Placentia (Orange county; Los Angeles; California)
 Pike district (Kentucky province); Virginia province
 Near Inagua Isl. (Florida)
 Happy town (Randall; Swisher districts; Texas province)
 Wayne; Jefferson districts (Illinois province)
 Near Crescent city (Florida)
 Breckinridge; Meade; Crittenden; Webster; Hopkins; Ohio; Hardin; Edmonson districts (Kentucky province); Bollinger; Howell districts (Missouri province); Charles; Calvert; Dorchester; Wicomico; Cecil districts (Maryland province); Illinois (Clay;Union; Johnson;Pope; Moultrie; Saline; Bond); Gordon district (Georgia province); Atchison district (Kansas province); Erie; Allegany districts (New York province); Stark district (Ohio province); Indiana; Mercer; Venango; Butler; Armstrong; Columbia; Lebanon; Allegheny districts (Pennsylvania province); Rutherford; Lake; Henry; Carter districts (Tennessee province); Virginia (Shenandoah; Greensville; Bedford; (Campbell; Nottoway; Prince George); Marshall district (West Virginia province); Pontotoc; Chickasaw districts (Mississippi province); Perry district (Indiana province)
 Arizona province
 Sallisaw (Oklahoma)
 Georgia; Alaska provinces
 Colorado province
 Arizona province
 Arizona province
 Comal; Guadalupe; Bandera; Uvalde; McMullen; Taylor districts (Texas province)
 Near Kensington (Maryland)
 Alabama; district of Columbia; Illinois; Indiana; Louisiana; Mississippi; Texas; Florida; Massachusetts; Missouri; New York City; Ohio; Georgia; Kentucky; Maryland; Michigan; Nebraska; South Dacota; Tennessee; Texas; Virginia; Wisconsin
 Ladysmith city (Rusk district; Wisconsin province)
 Maine State
 Georgia province
 Claremont; Glendora; La Verne areas (Los Angeles district; California province))
 Oregon province
 Louisiane; Mississippi; Alabama; Tennessee provinces
 nan;
 Tipton; Carroll; Montgomery; Sumner; Bedford; Coffee; Morgan; Cumberland; Anderson districts (Tennessee province); Henry; Dale; Fayette; Walker; Winston; Lamar; Cullman; Tuscaloosa; Jefferson; Cherokee districts (Alabama province); Van Wert; Paulding; Putnam; Defiance; Athens; Logan; Union; Seneca; Ottawa districts (Ohio province); Allen district (Kentucky province); Cross; Crittenden; Mississippi districts (Arkansas province); Appling; Cherokee; Pickens; Dawson; Atkinson; Coffee districts (Georgia province); Blackford district (Indiana province); Lowndes; Winston; Noxubee; Oktibbeha districts (Mississippi province); Mercer district (Pennsylvania province); McCormick district (South Carolina province)
 St. Tammany; Terrebonne; Lafayette; Acadia; Evangeline; Rapides districts (Louisiana province)
 Washington DC (District of Columbia district; District of Columbia province); North Carolina; South Carolina; Virginia; New York; Pennsylvania; Kentucky; New Jersey; Maryland; Missouri; Tennesse provinces
 Harlem (New York)
 Marin; Los Angeles; Santa Cruz districts (California province); Oregon; Nevada provinces
 Oklahoma; Massachusetts; New York; Arkansas; Missouri; New Mexico; Louisiana; Texas provinces
 Fulton; Tioga; Broome; Oswego; Delaware; Dutchess districts (New York province); Wayne district (Pennsylvania province); Connecticut; Massachusetts; Michigan; New Hampshire; New Jersey; Ohio; Wisconsin provinces
 Illinois; Indiana; Iowa; Kansas; Michigan; Minnesota; Missouri; Nebraska; North Dakota; Ohio; South Dakota; Wisconsin provinces
 Charlotte airport (North Carolina)
 Kinston; near Chapel Hill (North Carolina)
 Delaware; Kentucky; Massachusetts; Maryland; North Carolina; New Hampshire; New Jersey; New York; District of Columbia; Ohio; Pennsylvania; Rhode Island; Tennessee; Virginia; Vermont; West Virginia; Illinois; Missouri; Iowa; Nebraska; Connecticut provinces
 Chicago
 West Warwick (Rhode Isl. State)
 Hartford (Connecticut)
 Near Fort Drum (New York state)
 Mitchell; Worth districts (Georgia province); Jackson district (Alabama province) North Carolina; South Carolina; Tennessee provinces
 Denver; Boulder districts (Colorado province); Wyoming province
 Yonkers (New York)
 Colbert; Lauderdale; Limestone; Madison; Jackson; Dekalb; Lamar; Walker;St Clair; Talladega; Shelby; Clay districts (Alabama province); Mississippi; Craighead; White; Woodruff; Cross districts (Arkansas province); Adams; Weld; Morgan districts (Colorado province); Cherokee; Franklin; Madison; Elbert; Hart; Heard; Coweta districts (Georgia province); Marion; Mahaska; Lee; Van Buren; Jefferson; Henry; Louisa districts (Iowa province); Adams; Hancock; Mc Donough; Bureau; Henry; Brown; Mason; Fulton; Pope; Schuyler; Sangamon; Pulaski; Massac; Alexander; Jasper; Mercer; Warren; Tazewell districts (Illinois province); Perry; Kosciuscko; Putnam districts (Indiana province); Crawford; Wyandotte; Leavenworth; Neosho; Labette; Cherokee; Butler; Greenwood; Osage; Woodson; Allen; Douglas; Anderson; Linn; Marion districts (Kansas province); Calloway; Webster;Daviess; Mason; Lewis; Union; Henderson; Pulaski districts (Kentucky province); Lawrence; Cass; Platte; Clay; Jackson- Kansas city; Greene; Christian; Camden; Lewis; Barton; Cedar; Polk; Hickory; Dallas; Jasper; Johnson; Newton; Dade; Pettis; Dunklin; Pemiscot; Putnam; Scott; Knox; Scotland; Clark; Macon; Shelby; Mercer; Lafayette; Saline; Cape Girardeau; Bollinger; Pulaski districts (Missouri province); Marshall; Benton; Tippah; Alcorn; Newton; Scott; Chickasaw; Monroe; Lee; Itawamba; Madison; Sunflower districts (Mississippi province); Washington; Vance; Chowan; Bertie; Hertford; Northamton districts (North Carolina province); Saunders district (Nebraska province); Okhlaoma; Moore-Cleveland; Ottawa; Stephens; Creek; Lincoln; Canadian; Caddo; Osage; Noble; Le Flore; Marshall; Love; Jefferson districts (Okhahoma province); Aiken; Abbeville; Williamsburg districts (South Carolina province); Perkins; Todd didstricts (South Dakota province); Dyer; Madison; Hamilton-Chattanooga; Gibson; Weakley; Henry; Stewart; Henderson; Carroll; Montgomery; Robertson; Williamson; Davidson; Cannon; Lincoln; Lawrence; Hardin; McNairy districts (Tennessee province); ood; Upshur; Harrison; Marion districts (Texas province)
 Summerhaven area (Pima district; Arizona province); Lemmon mount (Pima district; Arizona province)
 Chicago
 Allen; Carroll; Adams; Cass; Howard; Tipton; Wells; Miami; Boone; Jennings; Clay; Tippecanoe; Huntington; Decatur districts (Indiana province); Allen; Auglaize; Van Wert; Darke; Mercer; Miami districts (Ohio province); Mercer; Shelby; Logan; Hamilton; Winnebago districts (Illinois province)
 Santa Monica (California)
 Palm Beach district (Florida province)
 North Carolina; Maryland; Virginia; West Virginia; Delaware; Pennsylvania; New Jersey; District of Columbia provinces
 Staten Island (New York)
 Snohomish; Mason; Grays Harbor; Jefferson; Clallam; Skagit; Whatcom districts (Washington province)
 Fontana; Rancho Cucamonga areas (San Bernardino district; California province)
 West Virginia; Tennessee; Kentucky; Pennsylvania; North Carolina; Virginia provinces
 Pennsylvania; Connecticut; New York; New Jersey; Vermont; Virginia; Massachusetts; Rhode Island provinces
 Paso Robles; Templeton; Atascadero; Cambria; Morro Bay; Oceano villages (San Luis Obispo district; California province)
 San Bernardino district (California province)
 Los Angeles district (California province)
 Morgan; Leslie; Breathitt; Menifee districts (Kentucky province); Wayne; Cabell; Kanawha; Lincoln; Mingo districts (West Virginia province); Dickenson; Tazewell; Wise; Buchanan districts (Virginia province); Alabama; Connecticut; Delaware; Florida; Georgia; Massachusetts; Maryland; North Carolina; New Hampshire; New Jersey; New York; Pennsylvania; Rhode Island; South Carolina; Tennessee; Vermont provinces
 Tennessee; Alabama; Georgia provinces
 Mason; Tazewell; Logan; Will; De Witt districts (Illinois province)
 Orleans; St. John the Baptist; Terrebonne; St. Tammany; Tangipahoa districts (Louisiana province); Hancock; Harrison; Jackson; Pike; Walthall districts (Mississippi province); Bay district (Florida province); Mobile; Baldwin; Lee districts (Alabama province); Sumter; Bulloch; Fulton; DeKalb; Cobb; Clayton; Gwinnett districts (Georgia province); Wake district (North Carolina province)
 San Bernardino district (California province)
 Baker (California)
 Beaumont; Port Arthur areas (Jefferson district; Texas province); Sugar Land area (Fort Bend district; Texas province); Smith district (Mississipi province); Dallas; Harris districts (Texas province); Los Angeles district (California province); Alabama; Arkansas; Florida; Georgia; Louisiana; Maryland; Missouri; North Carolina; Oklahoma; South Carolina; Tennesse; Virginia; West Virginia provinces
 Alabama; Illinois; Indiana; Louisiana; Michigan; Missouri; Mississippi; New York; Tennessee;Texas; Pennsylvania; Nebraska; Wisconsin provinces
 Arkansas; Texas provinces
 North Carolina; South Carolina; Iowa; Missouri; Ohio; Maryland; Nebraska; New York; Virginia; Minnesota; Indiana; Illinois; Pennsylvania; Oklahoma; Georgia; Kansas; New Jersey; West Virginia; Maine provinces
 Near Virginia coast
 Arkansas; Louisiana; North Carolina; Oklahoma; South Carolina; Texas; Virginia; Kansas; Missouri; Mississippi provinces
 Antigo area (Langlade district; Wisconsin province); Pembina; Walsh districts (North Dakota province)
 Los Angeles; Riverside; San Diego; Santa Barbara districts (California province)
 Morgan; Sangamon; Scott districts (Illinois province); Clark; Floyd; Washington districts (Indiana province); Adair; Appanoose; Benton; Clay; Dallas; Grundy; Humboldt; Jones; Linn; Marshall; Pocahontas; Story; Warren districts (Iowa province); Jackson; Linn; Shawnee; Republic districts (Kansas province); Estill; Fayette; Henderson; Henry; Magoffin; Martin; Powell; Pulaski districts (Kentucky province); Washington district (Maryland province); Sanilac; St. Clair; Tuscola districts (Michigan province); Gentry; Holt; Linn; Livingston; Macon; St. Clair districts (Missouri province); Adams; Cass; Clay; Custer; Franklin; Fillmore; Furnas; Gage; Harlan; Jefferson; Lancaster; Nuckolls; Otoe; Saline; Thayer; Webster; York districts (Nebraska province); Broome; Delaware districts (New York province); Athens; Brown; Fayette; Perry; Ross districts (Ohio province); Caddo; Noble; Osage; Pawnee; Tillman districts (Oklahoma province); Crawford district (Pennsylvania province); Hawkins district (Tennessee province); Nolan; Taylor; Val Verde districts (Texas province); Lancaster; Lee; Loudoun; Scott districts (Virginia province); Berkeley district (West Virginia province); Manitowoc; Dane; Columbia districts (Wisconsin province); North Carolina; South Carolina provinces
 Wayne; Oakland; Macomb; Livingston districts (Michigan province)
 Geneva; Jefferson; Lauderdale; Limestone; Madison districts (Alabama province); Cross; Mississippi; Nevada districts (Arkansas province); Crawford; Jefferson; Logan; Perry; Washington districts (Illinois province); Clark; Crawford; Hamilton; Hancock; Hendricks; Jackson; Madison; Marion; Monroe; Morgan; Miami; Owen; Tippecanoe; Vanderburgh; Warrick; Washington districts (Indiana province); Buchanan; Lee; Iowa districts (Iowa province); Cloud; Harper; Marshall; Republic; Sumner districts (Kansas province); Henry; Hopkins; Jefferson; Knox; Muhlenberg; McCracken; Webster districts (Kentucky province); St. Clair district (Michigan province); Tippah district (Mississippi province); Buchanan; Clinton; DeKalb; Daviess; Harrison; Laclede; Platte; St. Louis districts (Missouri province); Holt; Lincoln districts (Nebraska province); Adams district (Ohio province); Blaine; Canadian; Creek; Custer; Kingfisher; Mayes; Oklahoma; Tulsa; Wagoner districts (Oklahoma province); Brown; Edmunds; Clay districts (South Dakota province); Bedford; Bradley; Lincoln; Franklin; Giles; Grundy; Hardin; Moore districts (Tennessee province); Cottle; Houston; Tarrant districts (Texas province); Boone; Braxton; Cabell; Jackson; Kanawha; Lewis; Logan; Mason; Morgan; Mingo; Putnam; Upshur; Wayne; Wood; Wyoming districts (West Virginia province); Louisiana province
 Milam; Guadalupe; Bexar districts (Texas province); Eagle district (Colorado province); Mississippi province; Richland district (South Carolina province); Franklinton city (Washington district; Louisiana province); Bufford city (Gwinnett district; Georgia province)
 Carson City district (Nevada province); Los Angeles district (California province)
 Covina (California)
 Bay; Calhoun; Escambia; Franklin; Gadsden; Gulf; Holmes; Jackson; Jefferson; Leon; Liberty; Madison; Okaloosa; Santa Rosa; Taylor; Wakulla; Walton; Washington districts (Florida province); South Carolina; North Carolina provinces
 Shasta Lake area (Shasta districts; California province)
 Richmond; Lynchburg; Chesterfield districts (Virginia province); South Carolina; North Carolina provinces
 Martin; Palm Beach districts (Florida province); North Carolina; South Carolina; Ohio provinces
 Alabama; Louisiana; Mississippi; Florida; Pennsylvania; Maryland; New Jersey; Ohio; North Carolina; West Virginia; Georgia; Tennessee provinces
 Florida province
 Caroline district (Virginia province)
 Manoa Valley area (Honolulu district; Hawaii province)
 Pennsylvania; New Jersey provinces
 New York
 Pennsylvania; Ohio; Maryland; Virginia; West Virginia
 Arkansas; Illinois; Iowa; Indiana; Missouri; Oklahoma provinces
 Connecticut; Delaware; Maryland; Maine; New Hampshire; New Jersey; New York; Pennsylvania; Rhode Island; Vermont provinces
 Aiken county (South Carolina)
 La Conchita area (Ventura district; California province); Malibu area (Los Angeles district; California province); Sacramento district (California province); Arizona; Ohio provinces
 New York; Connecticut; Wisconsin; Ohio; Maryland; Massachusetts; Iowa provinces
 Los Angeles
 Los Angeles district (California province)
 Houston (Texas)
 New Jersey; Pennsylvania; New York; Maine provinces
 Rankin district (Mississippi province)
 Idaho province
 Florida; Georgia provinces
 Mobile; Bayou La Batre; Dauphin Island; Coden areas (Mobile district; Alabama province); New Orleans city (Orleans district; Louisiana province); Slidell area (St. Tammany district; Louisiana province); St. Bernard district (Louisiana province); Biloxi; Gulfport cities (Harrison district; Mississippi province); Pascagoula city (Jackson district; Mississippi province); Waveland; Bay St. Louis cities (Hancock district; Mississippi province); Georgia; Florida provinces
 Wisconsin province
 Near Dallas (Texas)
 Louisiana; Texas; Mississippi provinces
 New York state
 Keene; Alstead; Stoddard; Unity; Hinsdale; Walpole areas (Cheshire district; New Hampshire); Brattleboro; Guilford areas (Windham district; Vermont province); Pittsfield area (Berkshire district; Massachusetts province); Greenfield area (Franklin district; Massachusetts province); Northbridge; Worcester; Southbridge areas (Worcester district; Massachusetts); Spring Lake area (Monmouth district; New Jersey province); Wayne; Little Falls; Pompton Lakes areas (Passaic district; New Jersey province); Oakland; Lodi; Westwood areas (Bergen district; New Jersey province); Bound Brook area (Somerset district; New Jersey province); Tolland; Windham; Hartford districts (Connecticut province)
 Florida Keys; Naples areas (Collier district; Florida province)
 Maine; New Hampshire; Vermont; Massachusetts; Rhode Island; Connecticut; New York; New Jersey; Pennsylvania; Idaho; Michigan; Minnesota; Montana; North Dakota; Oregon; South Dakota; Washington; Wisconsin; Wyoming provinces
 Arizona; Nevada; Oklahoma; Utah; Missouri; Kentucky; Ohio; Mississippi provinces
 Near Miami Beach (Florida)
 Reno area (Washoe district; Nevada province); Truckee area (Nevada district; California province); Napa; Sonoma; Mendocino; Marin; Solano; Los Angeles districts (California); Carson City district (Nevada province)
 Texas; Oklahoma provinces
 Tallmansville (Virginia)
 Missouri; Arkansas; Illinois; Indiana; Kansas; Oklahoma provinces
 Tennessee; Illinois; Arkansas; Indiana; Oklahoma; Missouri; Kentucky; Iowa provinces
 Sumner; Warren districts (Tennessee province); Alabama; Georgia; Indiana; Kansas; Kentucky; Ohio provinces
 Amador; Calaveras; Fresno; Merced; San Joaquin; San Mateo; Stanislau districts (California province)
 Kauai district (Hawaii province)
 Tarrant; Bexar districts (Texas province)
 New Hampshire; Maine; Massachusetts provinces
 Maryland; Pennsylvania; New York; Delaware; Virginia; New Jersey provinces
 Huron; Erie; Crawford; Lucas; Sandusky districts (Ohio province)
 California province
 Modesto city (Stanislaus district; California province)
 Florida
 El Paso district (Texas province)
 Lake district (Ohio province)
 New York province
 Alaska province
 South Carolina; North Carolina; Virginia provinces
 Near Lexington airport (Kentucky)
 Mercer; Jessamine; Franklin; Calloway; Montgomery districts (Kentucky province); Sharp; Clay; Fulton; Randolph; Lawrence districts (Arkansas province); Obion district (Tennessee province); Missouri; Indiana; Illinois provinces
 Prince William Sound area (Valdez-Cordova district; Alaska province)
 Riverside; Palm Springs cities (Riverside district; California province); San Diego district (California province)
 North Carolina; Alabama; Arizona; Arkansas; Louisiana; Maryland; Mississippi; Pennsylvania; South Dakota; Texas provinces
 Washington; Oregon provinces
 Anderson (Missouri)
 Erie; Niagara; Genesee; Orleans districts (New York province)
 Ventura district (California province)
 Hawai province
 Daytona beach (Volusia district; Florida province)
 Colorado provinces
 Kansas province
 Illinois; Indiana; Kentucky; Missouri; New York; Ohio; Pennsylvania; Tennessee provinces
 Oregon; Washington provinces
 Texas
 California; Texas; Georgia; South Carolina; Oklahoma; Missouri; Iowa; Michigan; New York; Maine; Kansas; Illinois provinces
 Indiana; Arkansas; Texas; Ohio; Missouri provinces
 Volusia; Lake; Sumter; Seminole districts (Florida province)
 New York; Vermont; New Jersey; Ohio; Pennsylvania provinces
 Alabama; Missouri; Georgia; Minnesota provinces
 Bronx (New York)
 Texas province
 Texas; Kansas; Oklahoma provinces
 Wichita Falls area (Wichita district; Texas province); Georgetown areas (Williamson district; Texas province); Burnet; Marble Falls; Granite Shoals areas (Burnet district; Texas province); Granbury area (Hood district; Texas province); Lampasas; Parker; Eastland districts (Texas province); Miami; Commerce areas (Ottawa district; Oklahoma province); Shawnee; Tecumseh; Maud areas (Pottawatomie district; Oklahoma province); Oklahoma city (Oklahoma district; Oklahoma province); Waurika area (Jefferson district; Oklahoma province); Bartlesville; Dewey areas (Washington district; Oklahoma province); Love; Lincoln districts (Oklahoma province); Coffeyville area (Montgomery district; Kansas province); Osawatomie area (Miami district; Kansas province); Allen; Labette; Neosho; Wilson; Woodson districts (Kansas province); Rockville; Papinville areas (Bates district; Missouri province); Vernon district (Missouri province)
 New York province
 North Texas; Oklahoma provinces
 Minneapolis (Minnesota)
 Alpine; Amador; Calaveras; El Dorado; Mono; Placer; Tuolumne districts (California province)
 Texas; Oklahoma; Missouri provinces
 Illinois; Colorado; Michigan; Minnesota; Wisconsin; Ohio; Oklahoma; North Dakota provinces
 Washington state
 Los Angeles; Orange; Riverside; San Bernardino; San Diego; Santa Barbara; Ventura districts (California province)
 Malibu area (Los Angeles district; California province)
 Washington; Oregon provinces
 Illinois; Iowa; Missouri; Minnesota; Kansas; Nebraska; Colorado; Michigan; Wisconsin; Wyoming provinces
 Oklahoma; Missouri; Iowa; Illinois; Kansas; Nebraska; Connecticut; Michigan; New York; New Jersey; Pennsylvania; Rhode Island provinces
 Colorado; Iowa; Kansas; Minnesota; Missouri; Nebraska; Oklahoma; South Dakota provinces
 Texas; Delaware; Connecticut; Georgia; Louisiana; Massachusetts; Maine; Maryland; Mississippi; New Hampshire; New Jersey; New York; North Carolina; Pennsylvania; Rhode Island; South Carolina; Vermont; Virginia provinces
 Arkansas; Iowa; Texas
 Iowa; Kansas; Minnesota; Texas; Wisconsin provinces
 California; Georgia; Maryland provinces
 California; Nevada; Oregon provinces
 Tennessee; Arkansas; Kentucky; Mississippi; Alabama; Indiana; Texas; Illinois; Ohio; Missouri provinces
 Wells city (Elko district; Nevada province)
 Fulton; DeKalb; Cobb; Clayton; Gwinnett districts (Georgia province)
 Missouri; Mississippi; Arkansas; Indiana; Illinois; Ohio; Kentucky; Oklahoma; Iowa; Wisconsin; Texas provinces
 Pennsylvania
 Kansas; Maryland; Missouri; North Carolina; Virginia; Texas; Oklahoma; Georgia; Arkansas provinces
 Dunkerton city (Black Hawk district; Iowa province); Parkesburg; New Hartford cities (Butler district; Iowa province); Cedar Rapids city (Linn district; Iowa province); Minnesota; Indiana; Illinois; Kansas; Michigan; Montana; Missouri; Nebraska; Wisconsin provinces
 California province
 Panama city beach (Bay district; Florida province); Aransas; Bexar; Brooks; Calhoun; Cameron; Hidalgo; Jim Wells; Kenedy; Kleberg; Nueces; Refugio; San Patricio; Starr; Victoria; Willacy districts (Texas province)
 Texas
 Florida; Georgia; Alabama; Mississippi provinces
 Louisiana; Mississippi; Texas; Alabama provinces
 Utah
 Florida; North Carolina; Maryland provinces
 Galveston; Brazoria; Harris; Chambers; Jefferson districts (Texas province); Louisiana; Tennessee; Arkansas; Ohio; Indiana; Illinois; Missouri; Kentucky; Pennsylvania; Michigan provinces
 Chatsworth (near Los Angeles)
 Near Williams (California)
 Los Angeles; Orange; Riverside; Santa Barbara districts (California province)
 Maine; Massachusetts; New Hampshire; New York; Vermont provinces
 Arkansas; Illinois; Indiana; Kentucky; Missouri; New York; Ohio; Tennessee; Alabama; Mississippi provinces
 Arkansas; California; Colorado; Illinois; Indiana; Kansas; Michigan; Missouri; New York; Ohio; Oklahoma; Oregon; Washington; Wisconsin provinces
 Arkansas; Oklahoma; Texas provinces
 Illinois; Iowa; Kansas; Michigan; Minnesota; Missouri; Nebraska; Wisconsin provinces
 Orting town (Pierce district; Washington province); Chehalus town (Lewis district; Washington); Oregon province
 Suffolk district (Virginia province)
 Massachusetts; New York; Maine; New Hampshire; Vermont provinces
 Georgia; Savannah; Port Wentworth
 Texas; Pennsylvania; Oklahoma; Kentucky; Missouri; Arkansas; District of Columbia provinces
 Clarence Center (New york State)
 North Dakota; Minnesota provinces
 Butte (Montana)
 Texas; Oklahoma; Arkansas; Alabama; Georgia; Kentucky; Louisiana; Missouri; South Carolina; Tennessee provinces
 Santa Barbara district (California province)
 Near Floroda coast
 Virginia; Kentucky provinces
 Florida province
 Dallas; Tarrant; Harris; Galveston; Swisher districts (Texas province)
 Ohio; Oklahoma; Kentucky; Texas; Tennessee; Pennsylvania; West Virginia; Maryland; Washington provinces
 Maine province
 Los Angeles; Monterey districts (California province)
 Douglas; Floyd; Carroll; Fulton; DeKalb; Cobb; Clayton; Gwinnett districts (Georgia province); Alabama; North Carolina;Tennessee provinces
 Kent; Sussex districts (Delaware province); Atlantic; Burlington; Cape May; Cumberland; Monmouth; Ocean districts (New Jersey province); Virginia; New York; North Carolina; Pennsylvannia provinces
 Alabama; North Carolina; South Dakota; Pennsylvania; Texas; Oklahoma provinces
 Texas; Nebraska; Oklahoma; Kansas; North Carolina; Alabama; Missouri; Arkansas; Pennsylvania; Tennessee; Mississippi; South Carolina; Kentucky provinces
 Denver; Wheat Ridge; Lakewood; Arvada areas (Denver district; Colorado province)
 Illinois; Missouri provinces
 Texas; Missouri; Louisiana provinces
 Ferndale; Eureka cities (Humboldt district; California province)
 New Jersey; Pennsylvania; Maryland; North Carolina; Delaware; District of Columbia; Virginia provinces
 New York; District of Columbia; New Jersey; Pennsylvania; New Hampshire; Massachusetts; Maine; Connecticut; Rhode Island; Vermont provinces
 Montcoal (West Virginia)
 Rhode Island province
 Yazoo district (Mississippi province); Alabama; Louisiana; Arkansas; Georgia; Tennessee provinces
 Mexico Gulf
 Alabama; Arkansas; Mississippi; Kentucky; Tennessee provinces
 Oklahoma province
 Texas
 Arkansas; Oklahoma provinces
 North Carolina; Virginia; Maryland; Massachusetts; Rhode Island provinces
 San Bruno (California)
 Texas province
 Connecticut; Massachusetts; New Hampshire; New Jersey; New York; Pennsylvania; Rhode Island provinces
 Kern; Orange; Riverside; San Bernardino; San Luis Obispo; Tulare districts (California province); Utah; Nevada; Arizona provinces
 Boston city (Suffolk district; Massachusetts province); Philadelphia district (Pennsylvania province); Fulton; DeKalb; Cobb; Clayton; Gwinnett districts (Georgia province); New York; North Carolina; Delaware; Maryland; Rhode Island; Virginia provinces
 Arkansas; Missouri; Illinois provinces
 Illinois; Indiana; Iowa; Kansas; Michigan; Minnesota; Missouri; Montana; Nebraska provinces
 Colorado; Georgia; Illinois; Kansas; North Carolina; New Mexico; Oklahoma; South Carolina provinces
 Oklahoma; Texas; Missouri; Wisconsin; Minnesota; Colorado; Wyoming; Alabama; Arkansas; Delaware; Florida; Georgia; Kentucky; Louisiana; Maryland; Mississippi; North Carolina; South Carolina; Tennessee; Virginia; West Virginia; New York; New Jersey; Pennsylvania provinces
 New York
 Mississippi; Alabama; Oklahoma; Texas; North Carolina; Kansas provinces
 Texas province
 Alabama; Arkansas; Kentucky; Mississippi; Missouri; Tennessee; Oklahoma provinces
 Illinois; Missouri; Kentucky; Tennessee; Mississppi provinces
 Jasper; Newton districts (Missouri province)
 Missouri; Kansas; Texas provinces
 Illinois; Massachusetts; Michigan; Minnesota; North Dakota provinces
 New York; Washington; Texas; Ohio; Maine; Iowa; Illinois; Minnesota; Nebraska; Wisconsin; South Dakota provinces
 New York; New Jersey; Pennsylvania; North Carolina; Virginia; Maryland; District of Columbia; Connecticut; Florida provinces
 Bastrop district (Texas province)
 Reno (Nevada)
 Charlotte town (Mecklenburg district; North Carolina province)
 New York; New Jersey; Connecticut; Massachusetts provinces
 Louisiana; Mississippi; Alabama; Texas; New York; Pennsylvania; District of Columbia; Georgia; Maryland; Tennessee; Virginia provinces
 Colorado; New Mexico provinces
 Illinois; Indiana; Iowa; Kansas; Michigan; Minnesota; Missouri; Nebraska; North Dakota; Ohio; South Dakota; Wisconsin; Alabama; Arkansas; Delaware; Florida; Georgia; Kentucky; Louisiana; Maryland; Mississippi; North Carolina; South Carolina; Tennessee; Virginia; West Virginia; Maine; New Hampshire; Vermont; Massachusetts; Rhode Island; Connecticut; New York; New Jersey; Pennsylvania provinces
 Colorado; Kansas; Montana; Nebraska; New Mexico; North Dakota; Oklahoma; South Dakota; Texas; Wyoming; Illinois; Indiana; Iowa; Michigan; Minnesota; Missouri; Nebraska; North Dakota; Ohio; South Dakota; Wisconsin; Maine; New Hampshire; Vermont; Massachusetts; Rhode Island; Connecticut; New York; New Jersey; Pennsylvania; Tennessee provinces
 Illinois; Indiana; Iowa; Kansas; Michigan; Minnesota; Missouri; Nebraska; North Dakota; Ohio; South Dakota; Wisconsin; Alabama; Arkansas; Delaware; Florida; Georgia; Kentucky; Louisiana; Maryland; Mississippi; North Carolina; South Carolina; Tennessee; Virginia; West Virginia; Colorado; Kansas; Montana; Nebraska; New Mexico; North Dakota; Oklahoma; South Dakota; Texas; Wyoming provinces
 Mississippi; Ohio provinces
 Illinois; Indiana; Iowa; Kansas; Michigan; Minnesota; Missouri; Nebraska; North Dakota; Ohio; South Dakota; Wisconsin; New York; New Jersey; Pennsylvania provinces
 Arizona; Minnesota; Texas; Florida provinces
 Montana; North Dakota; South Dakota; Iowa; Missouri provinces
 Texas; Oklahoma; New Mexico; Arizona; Kansas; Louisiana provinces
 Jefferson; Chilton districts (Alabama province)
 Nebraska; Kansas; Missouri; Illinois; Indiana; Kentucky provinces
 Alabama; Tennessee; Illinois; Kentucky; Indiana; Ohio; Georgia; Florida; Mississippi; North Carolina; Virginia provinces
 Dallas; Tarrant districts (Texas province)
 Oklahoma; Kansas; Iowa; Nebraska; South Dakota; Minnesota provinces
 Bay; Calhoun; Escambia; Franklin; Gadsden; Gulf; Holmes; Jackson; Jefferson; Leon; Liberty; Madison; Okaloosa; Santa Rosa; Taylor; Wakulla; Walton; Washington; Brevard; Citrus; Hardee; Hernando; Hillsborough; Indian River; Lake; Manatee; Marion; Orange; Osceola; Pasco; Pinellas; Polk; Seminole; Sumter; Volusia districts
 Bay; Calhoun; Escambia; Franklin; Gadsden; Gulf; Holmes; Jackson; Jefferson; Leon; Liberty; Madison; Okaloosa; Santa Rosa; Taylor; Wakulla; Walton; Washington districts (Florida province); Alabama; Mississippi; Louisiana provinces
 District of Columbia; Iowa; Virginia; North Carolina provinces
 Colorado Springs city (El Paso district; Colorado province)
 District of Columbia province
 Mississippi; Louisiana provinces
 New York; New Jersey; Pennsylvania; Connecticut; Ohio; Delaware; Rhode Island; Maryland; Massachusetts; Maine; New Hampshire; North Carolina; Vermont; Virginia; District of Columbia; West Virginia provinces
 Wisconsin; Iowa; Nebraska; Kansas provinces
 Texas; Louisiana; Alabama; Mississippi; Arkansas; Indiana; Pennsylvania; Virginia; New York; New Jersey provinces
 Ohio; Virginia; Maryland; West Virginia; District of Columbia; Illinois; Indiana; Kentucky; New Jersey; North Carolina; South Carolina provinces
 Cleveland; Creek; Oklahoma; Payne districts (Oklahoma province)
 Missouri; Illinois; Kentucky; Texas; Indiana provinces
 Oregon; Washington provinces
 Oklahoma; Kansas; Minnesota; Texas; Pennsylvania; New York provinces
 Colorado; Wyoming provinces
 Texas; New Mexico provinces
 Ohio; Minnesota; Pennsylvania; Michigan; Wisconsin provinces
 Missouri; Pennsylvania; Virginia; Arkansas; Oklahoma; Maryland; New York provinces
 Illinois; Indiana; Iowa; Kansas; Michigan; Minnesota; Missouri; Nebraska; North Dakota; Ohio; South Dakota; Wisconsin provinces
 Illinois; Indiana; Iowa; Kansas; Michigan; Minnesota; Missouri; Nebraska; North Dakota; Ohio; South Dakota; Wisconsin; Arizona; California; Colorado; Nevada; New Mexico; Oklahoma; Texas; Utah provinces
 Alabama; Arkansas; Delaware; Florida; Georgia; Kentucky; Louisiana; Maryland; Mississippi; North Carolina; South Carolina; Tennessee; Virginia; West Virginia; Illinois; Indiana; Iowa; Kansas; Michigan; Minnesota; Missouri; Nebraska; North Dakota; Ohio; South Dakota; Wisconsin; Colorado; Kansas; Montana; New Mexico; Oklahoma; Texas; Wyoming provinces
 Maine; New Hampshire; Vermont; Massachusetts; Rhode Island; Connecticut; New York; New Jersey; Pennsylvania provinces
 South Dakota; North Dakota; Nebraska; Minnesota; Alabama; Illinois; Indiana; Iowa; Kansas; Michigan; Minnesota; Missouri; Nebraska; North Dakota; Ohio; South Dakota; Wisconsin; Alabama; Arkansas; Delaware; Florida; Georgia; Kentucky; Louisiana; Maryland; Mississippi; North Carolina; South Carolina; Tennessee; Virginia; West Virginia provinces
 California; Colorado; Kansas; Montana; Nebraska; New Mexico; North Dakota; Oklahoma; South Dakota; Texas; Wyoming; Illinois; Indiana; Iowa; Kansas; Michigan; Minnesota; Missouri; Nebraska; North Dakota; Ohio; South Dakota; Wisconsin; Alabama; Arkansas; Delaware; Florida; Georgia; Kentucky; Louisiana; Maryland; Mississippi; North Carolina; South Carolina; Tennessee; Virginia; West Virginia provinces
 Colorado; Kansas; Montana; Nebraska; New Mexico; North Dakota; Oklahoma; South Dakota; Texas; Wyoming; Illinois; Indiana; Iowa; Michigan; Minnesota; Missouri; Nebraska; North Dakota; Ohio; South Dakota; Wisconsin provinces
 Maine; New Hampshire; Vermont; Massachusetts; Rhode Island; Connecticut; Colorado; Kansas; Montana; Nebraska; New Mexico; North Dakota; Oklahoma; South Dakota; Texas; Wyoming; Illinois; Indiana; Iowa; Kansas; Michigan; Minnesota; Missouri; Nebraska; North Dakota; Ohio; South Dakota; Wisconsin; Alabama; Arkansas; Delaware; Florida; Georgia; Kentucky; Louisiana; Maryland; Mississippi; North Carolina; South Carolina; Tennessee; Virginia; West Virginia; New York; New Jersey; Pennsylvania provinces
 Near Waco (Texas)
 Colorado; Kansas; Montana; Nebraska; New Mexico; North Dakota; Oklahoma; South Dakota; Texas; Wyoming; Alabama; Arkansas; Delaware; Florida; Georgia; Kentucky; Louisiana; Maryland; Mississippi; North Carolina; South Carolina; Tennessee; Virginia; West Virginia provinces
 Colorado; Kansas; Montana; Nebraska; New Mexico; North Dakota; Oklahoma; South Dakota; Texas; Wyoming; Illinois; Indiana; Iowa; Kansas; Michigan; Minnesota; Missouri; Nebraska; North Dakota; Ohio; South Dakota; Wisconsin; Maine; New Hampshire; Vermont; Massachusetts; Rhode Island; Connecticut; New York; New Jersey; Pennsylvania provinces
 Los Angeles district (California province)
 Black Forest area (El Paso district; Colorado province)
 Illinois; Indiana; Iowa; Kansas; Michigan; Minnesota; Missouri; Nebraska; North Dakota; Ohio; South Dakota; Wisconsin; New York; New Jersey; Pennsylvania; Maine; New Hampshire; Vermont; Massachusetts; Rhode Island; Connecticut; Alabama; Arkansas; Delaware; Florida; Georgia; Kentucky; Louisiana; Maryland; Mississippi; North Carolina; South Carolina; Tennessee; Virginia; West Virginia provinces
 Yarnell area (Yavapai district; Arizona province)
 Cleveland; Lincoln; Catawba districts (North Carolina province); Pennsylvania province
 Missouri; Kansas; Tennessee; Arkansas; Oklahoma provinces
 San Antonio town (Bexar district; Texas province)
 Iowa; Michigan; Minnesota; Wisconsin provinces
 Yosemite valley (Mariposa district; California province)
 Colorado; Wyoming; Montana provinces
 Lafayette; Lyons; Longmont towns (Boulder district; Colorado province); Larimer; El Paso; Broomfield districts (Colorado province); New Mexico province
 Shasta district (California province)
 Illinois; Indiana; Kentucky; Ohio; Michigan; Wisconsin; Missouri provinces
 Oklahoma; Texas; California; New Mexico; Arizona provinces
 Austin district (Texas province)
 Michigan; Ohio; New York; Vermont; Maine; Kansas; Iowa; Texas; Wisconsin; Illinois; Minnesota; Arkansas; Louisiana; Mississippi; Kentucky provinces
 Louisiana; South Carolina; Mississippi provinces
 Alabama; Arkansas; Connecticut; Delaware; Florida; Georgia; Kentucky; Louisiana; Maine; Maryland; Massachusetts; Mississippi; New Hampshire; New Jersey; New York; North Carolina; Oklahoma; Pennsylvania; Rhode Island; South Carolina; Tennessee; Texas; Vermont; Virginia; West Virginia provinces
 Nelson; Carroll districts (Kentucky province)
 Texas; Oklahoma; Louisiana provinces
 San Francisco
 New York; Minnesota; Georgia; Maryland; Alaska; Alabama; Mississippi; Louisiana; North Carolina; South Carolina; Ohio; Indiana; Illinois; Pennsylvania; Michigan; New Jersey; Virginia; Kentucky; Missouri provinces
 Illinois; Indiana; Iowa; Kansas; Michigan; Minnesota; Missouri; Nebraska; North Dakota; Ohio; South Dakota; Wisconsin; Colorado; Kansas; Montana; Nebraska; New Mexico; North Dakota; Oklahoma; South Dakota; Texas; Wyoming; Maine; New Hampshire; Vermont; Massachusetts; Rhode Island; Connecticut; New York; New Jersey; Pennsylvania provinces
 Illinois; Indiana; Iowa; Kansas; Michigan; Minnesota; Missouri; Nebraska; North Dakota; Ohio; South Dakota; Wisconsin; Maine; Massachusetts; New Hampshire; Vermont; Rhode Island; Connecticut; New York; New Jersey; Pennsylvania; Maryland provinces
 Georgia; Alabama; Mississippi; Louisiana; North Carolina; South Carolina provinces
 District of Columbia; New York; Georgia; South Carolina; North Carolina; Pennsylvania provinces
 Oso village (Snohomish district; Washington province)
 California; Colorado; Kansas; Montana; Nebraska; New Mexico; North Dakota; Oklahoma; South Dakota; Texas; Wyoming; Illinois; Indiana; Iowa; Kansas; Michigan; Minnesota; Missouri; Nebraska; North Dakota; Ohio; South Dakota; Wisconsin; Tennessee; New York; New Jersey; Pennsylvania provinces
 Colorado; Kansas; Montana; Nebraska; New Mexico; North Dakota; Oklahoma; South Dakota; Texas; Wyoming; Mississippi; Alabama; Arkansas; Delaware; Florida; Georgia; Kentucky; Louisiana; Maryland; Mississippi; North Carolina; South Carolina; Tennessee; Virginia; West Virginia; Illinois; Indiana; Iowa; Kansas; Michigan; Minnesota; Missouri; Nebraska; North Dakota; Ohio; South Dakota; Wisconsin; Florida; Alabama; New York; New Jersey; Pennsylvania provinces
 Hutchinson district (Texas province); San Diego district (California province)
 Orland (California)
 Illinois; Indiana; Iowa; Kansas; Michigan; Minnesota; Missouri; North Dakota; Ohio; South Dakota; Wisconsin; Kansas; Nebraska; New Mexico; North Dakota; Oklahoma; South Dakota; Texas; Wyoming; Arizona; Idaho; Montana; Nevada; New Mexico; Utah; Wyoming; New York; New Jersey; Pennsylvania; Maine; New Hampshire; Vermont; Massachusetts; Rhode Island; Connecticut provinces
 Colorado; Kansas; Montana; Nebraska; New Mexico; North Dakota; Oklahoma; Texas; Wyoming; Illinois; Indiana; Iowa; Michigan; Minnesota; Missouri; Ohio; South Dakota; Wisconsin; New York; New Jersey; Pennsylvania; Maine; New Hampshire; Vermont; Massachusetts; Rhode Island; Connecticut; Tennessee provinces
 Hawaii province
 Illinois; Indiana; Iowa; Kansas; Michigan; Minnesota; Missouri; Nebraska; North Dakota; Ohio; South Dakota; Wisconsin; Maine; New Hampshire; Vermont; Massachusetts; Rhode Island; Connecticut; New York; New Jersey; Pennsylvanie; Maryland provinces
 San Francisco Bay (San Francisco district) ; Napa Valley (Napa district) ; Sonoma; Solano district (California province) ; Vallejo; Mare Island cities (Solano district; California province)
 Arkansas; Louisiana; Alabama; Mississippi; Kentucky; Illinois; Texas provinces
 New York; New Hampshire; Michigan provinces
 Los Angeles; San Diego districts (California province); Oregon province
 Orange; Mariposa; Tuolumne; Los Angeles; San Francisco; Sacaramento districts (California province)
 Blair area (Washington district; Nebraska province); Iowa; Kansas; Arkansas; Wyoming provinces
 Pensacola (Florida)
 Charleston (West Virginia)
 San Joaquin district (California province)
 Illinois; Wisconsin; Pennsylvania provinces
 Connecticut; Maine; Massachusetts; New Hampshire; New Jersey; New York; Rhode Island
 Tennessee; Kansas; District of Columbia; Boston; Ohio; Virginia; Georgia; North Carolina; South Carolina provinces
 Illinois; Michigan; Massachusetts; New York; Connecticut; Indiana provinces
 Massachusetts; New York; Tennessee; Maryland; Virginia; Pennsylvania; Kentucky; North Carolina; Michigan; Rhode Island; New Hampshire; Ohio; South Carolina; Illinois; District of Columbia; Maine; Vermont provinces
 Eglin (Florida)
 New York; Pennsylvania; Kentucky; West Virginia; Arkansas provinces
 Moore area (Cleveland district; Oklahoma province); Osage; Tulsa districts (Oklahoma province); Kansas; Missouri; Arkansas provinces
 Fairdale area (DeKalb district; Illinois province); Rochelle town (Ogle district; Illinois province); Missouri; North Carolina; Indiana; Ohio; Kentucky; Texas; Iowa; Arkansas; Michigan; West Virginia; Wisconsin; Pennsylvania; Oklahoma; Kansas; Tennessee provinces
 Texas; Louisiana; Alabama; Mississippi; Kentucky; Georgia; Florida provinces
 Philadelphia
 Nashville town (Howard district; Arkansas province); Van town (Van Zandt district; Texas province); Delmond town (Douglas district; South Dakota province); Colorado; Oklahoma; Kansas; Iowa provinces
 Kansas; Nebraska; Texas; Oklahoma; Minnesota; Iowa; Wisconsin provinces
 San Marcos area (Hays district; Texas province); Claremore area (Hays district; Oklahoma province)
 Texas; Oklahoma; Kansas; Nebraska; Missouri; Colorado; Minnesota; South Dakota provinces
 Texas; Oklahoma; Colorado; Arkansas; Kansas; Louisiana; Georgia; Ohio; South Carolina
 Santa Barbara (California)
 Colorado; Illinois provinces
 Lake; Napa; Solano; Yolo; Modoc; Colusa districts (California province)
 Illinois; Indiana; Wisconsin; Minnesota; Ohio; Iowa; Kentucky; Tennessee; Missouri; South Carolina; North Carolina
 Hillsborough; Pasco; Pinellas; Dixie; Taylor districts (Florida province)
 Chicago; Lincolnwood towns (Cook district; Illinois province); Wood Dale town (DuPage district; Illinois province); Lancaster town (Coos district; New Hampshire province); Indiana; Ohio; Connecticut; Michigan; Massachusetts; Wisconsin; Rhode Island; Maine; New York provinces
 California; Idaho; Montana; Oregon; Washington provinces
 Lake; Napa; Sonoma; Butte districts (California province)
 Hildale town (Washington district; Utah province); Las Vegas town (Clark district; Nevada province)
 South Carolina; North Carolina
 Austin; Houston districts (Texas province); Lousiana province
 Texas; Kansas; Oklahoma provinces
 Dallas; Ellis; Collin districts (Texas province); Mississippi; Tennessee; Arkansas; Alabama; Georgia; New Mexico; Missouri; Kentucky; Indiana; Oklahoma; Illinois provinces
 Mississippi; Missouri; Kentucky; Tennessee; Arkansas; Alabama; Illinois; Indiana; Louisiana provinces
 Aliso Canyon
 Amador; Calaveras (California)
 California; Nevada; Oregon; Washington; Idaho; Montana; Utah; Arizona provinces
 Washington D.C. (District of Columbia district; District of Columbia province); New York; New Jersey; Pennsylvania; Maryland; Virginia; Tennessee; Kentucky; Delaware; West Virginia; Georgia; North Carolina provinces 
 Ventura; Orange; San Diego; Los Angles districts (California province)
 Los Angeles (California)
 Near Oahu coast (Hawai)
 Alabama; Mississippi; Virginia; Connecticut; Florida; Georgia; Louisiana; Massachusetts; Maryland; North Carolina; New Jersey; New York; Pennsylvania; South Carolina; Texas 
 California; Lousiana; Texas; Arkansas; Tennessee; Mississippi; Alabama; Oklahoma; Kentucky; Ohio provinces
 Texas; Mississippi; Louisiana; Florida provinces
 Texas; Oklahoma; Louisiana; Arkansas; Mississippi; Alabama; Florida provinces
 Dallas-Fort Worth (Dallas; Wise; Tarrant; Denton; Parker); Wylie; Plano; Little Elm; Rockwall; Bettie; Emory in Collin; Denton; Upshur; Rockwall; Rains; San Antonio metro regions; Helotes; Alamo Heights; Kirby; Hollywood Park; Carrizo Springs; Terrel Hills (Bexar; Dimmit) (Texas); Oklahoma; Kansas; Missouri; Arkansas; Mississippi; Louisiana
 Fayette; Grimes; Harris; Parker counties; Houston districts (Texas province)
 Texas; Oklahoma; Arkansas; Louisiana; Mississippi; Kansas; Virginia; North Carolina; Georgia; Missouri; Illinois; West Virginia provinces
 Oklahoma; Colorado; Nebraska; Kansas; Iowa; Missouri; Arkansas; Illinois; Kentucky; Texas;Tennessee states
 Palestine city (Anderson district; Texas province); Houston district (Texas province)
 Houston district (Texas province); Brenham city (Washington district; Texas province); Montana; Kansas; Missouri; Colorado
 Texas; Oklahoma; Arkansas; Kansas; Nebraska provinces
 Greenbier district (West Virginia province); Ohio; Indiana; Illinois; Wisconsin; Virginia
 California province
 Los Angeles; San Francisco districts (California province)
 Near Lockhart (Texas)
 Louisiana; Mississippi; Missouri; Illinois; Indiana; Allamakee; Clayton; Fayette; Howard; Winneshiek counties (Iowa)
 Lower Lake; Clearlake (Lake district; California province)
 Georgia; Florida; South Carolina; New York; New Jersey; Cedar Key; Florida; Aurora (North Carolina); Virginia Tidewater region
 Minnesota; Buffalo; Chippewa; Clark; Columbia; Crawford; Eau Claire; Jackson; La Crosse; Monroe; Richland; Sauk; Trempealeau; and Vernon (Wisconsin); Allamakee; Benton; Black Hawk; Bremer; Buchanan; Butler; Cedar; Chickasaw; Delaware; Floyd; Franklin; Linn; Wright (Iowa)
 Hoboken (New Jersey)
 Florida; Georgia; South Carolina; North Carolina; Virginia provinces
 Near Plam Springs (California)
 Gatlinburg city (Sevier district; Tennessee province)
 Oakland
 Alabama; Mississippi; Tennessee; Georgia; South Carolina; Louisiana; North Carolina provinces
 Cushing (Oklahoma)
 Northern (Missouri; Maryland; Oklahoma; Indiana; Michigan; New Mexico; Ohio; Virginia)
 Texas; Oklahoma; Kansas; Missouri; Nebraska; Illinois; Indiana; Kentucky; Ohio
 Texas; Louisiana (Shreveport; Haugton); Arkansas; Mississipi
 New York (Brooklyn; Atlantic Terminal station)
 Georgia (cook); Mississippi; Alabama; Louisiana; Florida states
 California; Nevada; Idaho; Colorado; Utah; Oregon states
 San Jose (North California)
 Center and south of California (San Diego; Los Angeles; San Francisco; Sacramento)
 Illinois; Missouri; Indiana; Arkansas; Kentucky; Tennessee; Ohio ; Georgia; Iowa; North Carolina; Virginia; Alabama; South Carolina; West Virginia; Michigan states
 South Carolina; Georgia; North Carolina; Tennessee; Alabama; Mssissippi; Florida; Kentucky ; Virginia 
 East and West Canton (Van Zandt county) (Texas); Kampville (St Charles) (Missouri); Logan; Marion; Miles Station (Macoupin); Sumner (Lawrence); Pawnee (Sangamon) (Illinois); Natural Dam (Crawford); Mississipi; Clay (Arkansas); Oak ridge (Morehouse) (Louisiana) ; Labette (Kansas); Cameron (Le Flore) (Oklahoma); Goshen (Oldham) (Kentucky) ; Ohio; Pennsylvania; West Virginia ; Mississipi ; Alabama ; Tennesse ; Indiana
 Colorado; New Mexico; Texas; Oklahoma; Missouri
 Colorado; Kansas; Illinois; Indiana; Texas (Gregg County; Tenneryville; Easton; Longview City); Oklahoma (Okfuskee); Missouri (Bates; Carthage; Laclede; Pulaski; Phelps; Dent; Texas Counties; Crawfordsville; Phillipsburg; Edgar Springs; Salem; Evening Shade; Palace; Big Piney); Arkansas; Ohio; Kentucky; Tennessee (Millington; Memphis; Knoxville); Virginia; Louisiana (Natchitoches; DeSoto; Caddo; Caldwell; Franklin; LaSalle; Winn; Rapides; Catahoula; Concordia Parishes; Goldonna); North Dakota; South Dakota; Minnesota; Iowa; Ohio; Pennsylvania; New York; North Carolina (Sampson County; Salemburg; Clinton); South Carolina; Georgia; New Mexico
 Butte (Oroville); San Luis Obispo; Santa Barbara (California)
 Minnesota (Minneapolis  St. Paul; MN metro region-Twin Cities; Lac Qui Parle County; Montevideo (Chippewa); Slayton (Murray); St. Cloud (Stearns); Monticello (Wright); Coon Rapids (Anoka)); Wisconsin (St. Croix); Upper Peninsula (Michigan); North Dakota (Richardson; Stark County; Morton County; Milton and Langdon in Cavalier County); South Dakota (Deuel; Jerauld; Beadle; and Clark Counties)
 Ellison Creek (Water wheel) Tonto National Forest (Gila; Arizona)
 Le Flore county (Mississippi state)
 Tulsa (Oklahoma); Texas; Louisiana; Kansas; Missouri
 Eastern Texas (Rockport; Corpus Chrsti; Port Lavaca; Cypress area of Houston; Houston metro area; Beaumont; Port Arthur; Angelina; Aransas; Atascosa; Austin; Bastrop; Bee; Bexar; Brazoria; Brazos; Burleson; Caldwell; Calhoun; Cameron; Chambers; Colorado; Comal; DeWitt; Fayette; Fort Bend; Galveston; Goliad; Gonzales; Grimes; Guadalupe; Hardin; Harris; Jackson; Jasper; Jefferson; Jim Wells; Karnes; Kerr; Kleberg; Lavaca; Lee; Leon; Liberty; Live Oak; Madison; Matagorda; Montgomery; Newton; Nueces; Orange; Polk; Refugio; Sabine; San Jacinto; San Patricio; Trinity; Tyler; Victoria; Walker; Waller; Washington; Wharton; Willacy; Wilson; San Augustine); Southwestern Louisiana (Acadia; Forrest; Iberia; Lafayette; Vernon; Beauregard; Calcasieu; Cameron (Hackberry); Jefferson Davis; Vermillion; Allen; Natchitoches; Rapides; Sabine)
 Keys islands; Monroe; South Florida; Jacksonville (Duval); Marco Island; Naples (Collier); Fort Lauderdale (Broward); Lakeland (Polk); Orlando (Orange); Clay (Florida); Savannah; Tybee Island (Chatham); Brunswick; St. Simons Island (Glynn); McIntosh; Camden (Georgia); Charleston; Folly Beach; the Isle of Palms; Sullivans Island (Charleston) Hilton Head; Beaufort; Edisto Beach (Colleton) (South Carolina)
 Jersey shore; Seaside Park; Point Pleasant Beach (Ocean); Long Branch (Monmouth) (New Jersey); Fernandina beach (Nassau-Florida)
 Mexico Gulf; Louisiania; Mississippi (coastal areas; Biloxi); Alabama (Dauphin Island; Autauga; Chilton; Lowndes Counties); Florida; South Carolina (Pickens; Laurens; Spartanburg; Newberry; Greenville; Union); North Carolina (Polk; Wilkes; Ashe )
 Napa; Sonoma; Mendocino; Lake; Solano; Butte; Yuba; Nevada; Humboldt; Calavaras; Orange counties (California)
 Ventura; Santa Barbara; Los Angeles; San Diego; Riverside counties (California)
 Missouri; Indiana (Bedford in Lawrence; Muncie in Delaware; Salem in Washington; Blackford; Jay); Ohio (Celina in Mercer; Williamsfield in Ashtabula; Clyde in Sandusky; Bloomingville in Erie ; Republic; West Lodi in Seneca; Galion in Crawford; Steuben; Norwalk; Fitchville; Wakeman in Huron; Nova and Hayesville in Ashland; South Vienna in Wayne; Calcutta in Columbiana; Clark); Pennsylvania (Erie in Erie); Illinois (Noble in Richland)
 Bronx (New York)
 Georgia; North Carolina; Maryland; Virginia; New York; New Jersey; Massachusetts; Michigan; Texas; Mississippi; Missouri
 Missouri (Oak Grove in Jackson County; Clay and Clinton (Trimble; Plattsburg; Lathrop) counties); Iowa (Centerville in Appanoose county; Muscatine); Minnesota (Sherburne; Freeborn counties; Lake Ann in Carver county); Kansas (Wabaunsee; Pottawatomie and Butler counties); Wisconsin; Arkansas; Oklahoma; Illinois; Mississipi; Michigan; New-York; Pennsylvania; Massachussets; Ohio; Nebraska; Indiana
 Texas (Justin in Denton; Collin; Rockwall; Lubbock counties; Seymour in Baylor; Dallas  Fort Worth metro area; Houston metro area); Oklahoma (El Reno in Canadian; Oklahoma city metro region; Caddo in Bryan; Cleveland South and East); Kansas (south); Kentucky; Tennessee; Mississippi; Alabama; Georgia; Indianapolis (Marion-IN)
 New Windsor (New York)
 Upper Midwest; Northern Rockies and parts of the West; North Dakota; South Dakota and Montana.
 Santa Barbara County (Montecito and Carpinteria); Los Angeles County (Burbank); Ventura (California)
 Massachusetts ; New Jersey; New York; Connecticut; Maine; New Hampshire; Pennsylvania; Maryland; Rhode Island ; South Carolina; Tennessee; Virginia; North Carolina; Georgia 
 Colorado; PLains and Midwest
 Massachusetts; New York; Virginia; Maryland; New Hampshire; New Jersey; Pennsylvania; Connecticut; Delaware 
 Louisiana; Mississippi; North Carolina; Virginia; Arkansas; Florida; Georgia; Maryland; Michigan ; Missouri ; New Jersey; New York;Pennsylvania ; South Carolina; Texas 
 Kauai Isl. (Hawai)
 Hawa
 Southeast
 New York City; Washington DC; Baltimore; Maryland; Texas; Kansas; Colorado; Oklahoma; Missouri; Illinois; Indiana; Iowa; New Jesey; Pennsylvania; Virginia; West Virginia; Massachusetts; Connecticut 
 Table Rock lake (Missouri)
 Shasta; Trinity; Mendocino; Lake; Colusa; and Glenn counties (California)
 Pella; Marshalltown (Iowa); Missouri ; Illinois; Indiana; Kansas; Kentucky; Alabama; Arkansas; Georgia; Tennessee; North Carolina; South Carolina; Viriginia; Maryland ; Pennsylvania
 Wisconsin; Iowa; Minnesota; Missouri; Illinois; Kentucky; Pennsylvania; Arkansas; Ohio; Indiana
 South and North Carolina; Virginia
 Colorado; Nebraska; Wyoming
 Schoharie (New York)
 Florida; Georgia; Alabama; North Carolina; Virginia; Maryland
 Butte county (North California)
 Bastrop; Burnet; Colorado; Fayette; Hood; Jim Wells; Kerr; Kimble; La Salle; Live Oak; Llano; Mason; McMullen; Nueces; Real; San Patricio; Travis; and Williamson counties
 New Mexico; Texas; Iowa; Minnesota; Kansas; Louisiana; Tennessee
 Thousand Oaks; Oak Park; Westlake Village; Agoura Hills; West Hills; Simi Valley; Chatsworth; Bell Canyon; Hidden Hills; Malibu and Calabasas (California)
 Nationwide
 Missouri; Illinois; Iowa; Kansas; Nebraska; Washington DC; Virginia; Colorado; North; South Carolina
 Midwest and Northeast
 Upper midwest
 Alabama; Georgia; South Carolina; Florida; Mississippi;
 Amador; Glenn; Lake; Mendocino; Sonoma; Humboldt counties (California)
 Tennessee; Mississippi; Alabama; Illinois; Indiana; Ohio; Connecticut; Maryland; Massachusetts; New Jersey; New-York; Pennsylvania; Virginia; West Virginia states 
 Northern California
 Nebraska; Iowa; Wisconsin; Missouri; Kansas; Illinois; Minnesota; South Dakota; North Dakota; Michigan
 Robertson; Angelina; Houston and Cherokee Counties (Texas); Louisiana; Arkansas; Mississippi; Alabama; Georgia; North Carolina; Ohio; Pennyslvania
 Texas; Lousiana states
 Jefferson city; Golden (Barry county); Carl Junction (Jasper county); Missouri state
 Hawai
 Ridgecrest (Califronia)
 Lincolnton region (Lincoln County; North Carolina)
 Louisiana; Mississippi; Arkansas; Oklahoma; Great Lakes region
 Texas
 Florida; Georgia; South Carolina; North Carolina; Virginia
 Texas
 Near Santa Cruz (California)
 Texas; Arkansas; Oklahoma; Missouri; Louisiana;Tennessee.
 Los Angeles and Riverside counties (California)
 Los Angeles; San Bernardino; Ventura; Sonoma Counties (California)
 Pacific Northwest; Rockies; Northern Plains; Upper Midwest; and the Northeast
 Missouri; Nebraska; Indiana; Kansas; Louisiana; Mississippi; Alabama; Florida; Georgia
 Texas; Oklahoma; Missouri; Arkansas; Louisiana; Mississippi; Alabama; Tennessee; Kentucky; Georgia states
 Nashville (Tennessee); Kentucky; Missouri; Mississippi; Georgia; Texas Oklahoma; Illinois; Indiana; Ohio; Arkansas; West Virginia; Pennsylvania
 Mississippi; Tennessee
 Louisiana; Texas; Mississippi; South Carolina; Georgia; Tennessee; Arkansas; North Carolina; Alabama
 Texas; Oklahoma; Louisiana; Mississippi; Alabama; Georgia; Florida; Virginia 
 Illinois; Iowa; Wisconsin; Michigan; Indiana; Ohio; Kentucky; Arkansas; Tennessee; Missouri
 Midland Country; Edenville; Sanford (Central Michigan State)
 errebonne; Plaquemines; Lafourche Parishes (Louisiana)
 Oklahoma; Missouri; Arkansas; Tennessee; Kansas; South Carolina
 North Carolina; South Carolina; New York; Maryland; Delaware; New Jersey; Connecticut; Florida; Virginia; Pennsylvania; New Hampshire
 Texas
 Louisiana; Texas; Arkansas; Mississippi
 Louisiana; Texas; Mississippi; Georgia; North and South Carolina
 Alabama; Florida
 Californie; Washington; Oregon; Colorado
 Florida; North Carolina; Virginia
 Louisiana; Mississippi; Alabama; northern Georgia; south and North Carolinas
 Illinois; Wisconsin; North Carolina; Virginia; Maryland
 Plains ; Midwest; Mid-Atlantic
 Missouri; Oklahoma; Texas; Illinois; Indiana; Ohio; Arkansas; Kentucky; Tennessee; West Virginia; Pennnsylvania
 Oklahoma; Arkansas; Indiana; Tennessee; Alabama; Georgia; Florida; South Carolina; Texas; Illinois; North Carolina
 South Texas
 West and central states
 Oregon and Washington States
 Jefferson county (Alabama)
 San Mateo; Santa Cruz and Monterey Counties (California)
 New York; New Jersey; Pennsylvania; Virginia; Maine; Washington; Boston (Suffolk; Massachusetts)
 North Carolina; Oklahoma; Arkansas; Missouri; Illinois; Kentucky; Tennessee; Louisiana; Mississippi; Colorado; Oregon; Washington; Nebraska; Texas
 Todd; Christian; Breathitt; Lee and Magoffin Counties (Kentucky); Tennessee; West Virginia; Arkansas; Ohio; and Maryland
 Holtville (South California)
 Hawaii; Maui; Kalawao; Kauai; Honolulu (Oahu Island; Hawaii)
 Louisiana; Alabama;Mississippi
 Calhoun; Bibb; Jefferson; Shelby and Calhoun Counties (Alabama); Mississippi; Coweta and Fayette Counties (Georgia); Tennessee; Kentucky
 Davidson; Rutherford; Sullivan; Wilson counties; Nashville Metropolitan Region; Lower Mississippi and Tennessee Valley (Tennessee); Arkansas; Alabama; Georgia; Mississippi; South Carolina; North Carolina; Virginia; Pennsylvania; Maryland; New Jersey
 Louisiana; Florida; Mississippi; Alabama
 Southern Louisiana and the Gulf Coast
 Burnet; Williamson; Travis Counties (Texas)
 Texas; Oklahoma
 Alabama; Louisiana; Mississippi; Tennessee; Georgia; Texas; Virginia; Arkansas; South Carolina; North Carolina
 East Baton Rouge Parish (eastern Louisiana); Lake Charles City (south-western Louisiana)
 Florida
 Near Greenville; Butler county (Alabama); Louisiane; Mississippi; Floride 
 Bolivar; Sunflower; Panola; and Tallahatchie Counties (Mississippi State); Arkansas; Texas
 Pinas and Gila counties (Arizona); Montana; Utah
 Surfside; Miami (Florida)
 California; Georgia; Florida; North Carolina; South Carolina
 Oregon; Washington; Northern California; Idaho; Western Nevada
 Arizona; California; Oregon
 Plumas County (California)
 Albuquerque (New Mexico); Larimer County (Colorado); Arizona
 Texas
 Arizona; Missouri; Nebraska; Iowa; South Dakota; North Dakota; New Mexico; Texas
 Utah; Nevada; Arizona; New Mexico
 El Dorado County (California)
 Rhode Isl.; Connecticut; Vermont; New York; New Jersey states
 Transylvania; Haywood; Swain counties (North Carolina); Florida
 Dickson; Humphrey; and Hickman Counties (Tennessee)
 Louisiana; New York; New Jersey; Maryland; Connecticut; Virginia; Pennsylvania; Delaware
 Utah and Colorado
 Wisconsin; Illinois; Indiana; Michigan; Ohio; Missouri
 El Paso (Texas); Gila Bend (Arizona)
 Texas; Louisiana
 Shasta County (north California State)
 Texas
 Jefferson; Shelby; Marshall; Escambia; Baldwin counties (Alabama)
 Whatcom County (northern Washington State)
 Big Island; Maui; Molokai; Oahu Island (Hawai)
 Graves County; Caldwell; Hopkins; Muhlenberg; Ohio; Warren; Taylor (Kentucky); Saint Charles (Missouri); Obion (Tennessee); (Mississippi); Craighead; Poinsett; Mississippi (Arkansas); Madison (Illinois)
 Russell; Ellis; Lyon (Kansas); Floyd (Iowa); Missouri; Prowers; El Paso (Colorado); Nebraska; Freeborn (Minnesota); Wisconsin; Taos (New Mexico)
 Louisville; Superior (Boulder county; Colorado)
 Nationwide
 Maryland; Virginia; New Jersey; Washington D.C.; Missouri; Tennessee; Georgia
 New York
 Florida
 Hale; Sumter; Elmore Counties (central Alabama); Rockies; Plains; Mid-Atlantic; Northeasr
 Madison county (Iowa state); Illinois; Indiana; Ohio; Arkansas; Kentucky; New Hampshire; Pennsylvania; Maryland; New York; New Jersey; New England
 Calhoun and Gulf Counties (Florida); Reno; Harvey Counties (Kansas)
 Bastrop; Cass; Cooke; Grayson; Guadalupe; Houston; Jack; Madison; Marion; Montague; Nacogdoches; Panola; Rusk; Upshur; Williamson; and Wise counties (Texas); Oklahoma; Louisiana; Adams; Attala; Clay; Copiah; George; Hinds; Holmes; Jefferson; Kemper; Lauderdale; Madison; Smith; Warren; Oktibbehaand Yazoo Counties (Mississippi); Perry; Chilton; Bibb; Shelby; and Talladega Counties (Alabama); Ohio; South and North Carolina
 Washington County (Arkansas); Shelby; Chilton; Bibb Counties (Alabama); Iowa; Kansas; Missouri; Newton county (Texas); Lousiana; Bolivar; Calhoun; Hinds; Warren; Yazoo Counties (Mississippi); Trigg County (Kentucky); Washington County (Florida); Armstrong County (Pennsylvania)
 Dallas Fort; Johnson; Collin; Smith counties (Texas); Marengo County (Alabama); Lee; Houston; Berkeley Counties (Georgia); Allendale county (South Carolina); Covington; Jefferson Davis; Lauderdale; Newton; Wayne Counties (Mississippi); Florida
 Williamson and Bell Counties (Texas); Pocahontas County (Iowa); Atoka and Coal counties (Oklahoma); Faulkner; Franklin; Logan; Prairie; Sebastian; and White Counties (Arkansas); Mower County (Minnesota); Jefferson; Shelby; Hardin Counties (Kentucky); Louisiana; Mississippi; Alabama; Tennessee; Indiana
 Lincoln; San Miguel Counties (New Mexico)
 Alabama; Arkansas; Florida; Mississippi;Oklahoma; and Texas
 Nebraska; Kansas; Missouri; Dakota; Virginia; North Carolina; Texas; Montana; Minnesota
 Mora; Colfax; Lincoln; San Miguel; Valencia Counties (New Mexico); Colorado; Nebraska
 Andover Town (Butler County); Wichita City (Sedgwick County) - Kansas; Texas; Oklahoma
 North Dakota and northern Minnesota (central-northern USA)
 Texas; North Carolina; West Virginia; Minnesota; Wisconsin; Oklahoma; Ohio; Pennsylvania
 Minnesota; Kentucly; Michigan; Missouri; Illinois; Wisconsin
 Yellowstone National Park (Wyoming; Montana and Idaho states)
 San Antonio (Texas)
 Kentucky; Missouri
 Siskiyou County (California)
 Charlotte and Lee Counties (Florida Peninsula); North Carolina
 Bahamas; Florida
 Texas; Arkansas and Oklahoma
 Humboldt County (California)
 Louisiana; Oklahoma; Texas; Alabama; Mississippi; Georgia; Florida states
 South Dakota; Oregon; Washington; Idaho; New York; Oklahoma; Kentucky; Colorado; Connecticut; Kansas; Maryland; Missouri; North Carolina; West Virginia; Wisconsin; Georgia; New Hampshire; Ohio; Tennessee; Vermont states
 Sacramento City; Santa Cruz; Calaveras; San Mateo; Ventura; Santa Barbara; El Dorado; Monterey; Santa Clara; Alameda; San Benito; Merced; Mono; Stanislaus; Mendocino; Humboldt (California)
 Nation wide; Arizona; Nevada; California; Oregon and Texas
 Alabama and Georgia
 Texas; Arkansas; Louisiana; Oklahoma; Tennessee. Mississippi
 Texas; Oklahoma; Mississippi; Kentucky; Arkansas; Alabama; Tennessee; Louisiana; Indiana and Ohio
 Monterey; Merced and Tulare Counties (California); Nevada
 Rolling Fork; Silver City; Winona; Sharkey; Smithville; Amory and Montgomery (Mississippi); Alabama; Georgia; Tennessee
 Memphis (Tennessee); Owen and Sullivan counties (Indiana); Arkansas; Mississippi; Alabama; Illinois; Sussex county (Delaware); Oklahoma; Iowa; Kentucky; Ohio; Missouri; Kansas; Pennsylvania
 Bollinger County (Missouri); Illinois; Kentucky; Iowa; Indiana; Ohio; Michigan
 Pembroke Pines; Dania Beach and Fort Lauderdale (Broward County; Hollywood; Florida)
 Arkansas; Florida; Illinois; Kansas; Louisiana; Missouri; Nebraska;Texas; Oklahoma; Iowa
 Dickens; Comanche; McLennan; Nolan; Swisher; Taylor; Floyd (Texas); St. Lucie; Nassau; Brevard; Hillsborough; Sumter; Broward; and Indian River (Florida); Effingham; Bryan; Wayne; Terrell; Chatham (Georgia); Oklahoma
 Texas; Nebraska; Missouri; Kansas; Colorado; Illinois; Iowa; Indiana; Kentucky; Tennessee; South Carolina 
 Texas; Oklahoma; Kansas; Louisiana; Michigan; Ohio; Mississippi; Nebraska; Wyoming; Colorado and Arkansas
 Dallas; Tarrant; Denton; Ochiltree counties (Texas); Louisiana; Mississippi; Alabama; Georgia; Tennessee; Arkansas; South Carolina and Florida 
 Texas; Louisiana; Florida; Arizona; New Mexico; Kansas; Oklahoma; and southern California
 Montana; Wyoming; South Dakota; Nebraska; Minnesota; Ohio; Tennessee; Oklahoma; Wyoming; Colorado; Indiana; Kentucky; Arkansas
 Vermont; New York; Connecticut; Pennsylvania; Massachusetts; New Jersey; New Hampshire; Missouri; Illinois; Kentucky;Tennessee
 Maui and Kula City (Hawai)
 Spokane County (eastern Washington State)
 Tampa; St. Petersburg; Sarasota; Tarpon Springs; Fort Myers Naples (Florida); Brooks and Lowndes Counties (Georgia); Mt. Pleasant; Edisto Beach; and Folly Beach (South Carolina); Whiteville; Wilmington; Outer Banks (North Carolina)
 New York city; New Jersey; Connecticut; Texas; Oklahoma; and Arkansas
 Nebraska; Texas; Oklahoma; Missouri; and Kentucky
 Portland City area (Oregon State); Snohomish and Wahkiakum Counties (Washington State)
 Nashville City; Davidson County; Clarksville City; Montgomery County in (Tennesee state); Louisiana; Connecticut
 Massachusetts; Maine; New Jersey; New York; Pennsylvania and South Carolina
 Texas; Louisiana; Oklahoma; Kansas; Illinois; Missouri; Nebraska; Washington; Oregon; Montana
 New Mexico; Colorado; Kansas; Nebraska; South Dakota; and Iowa; Panama City and Jackson County (Florida); Cottonwood (Alabama); Bamberg (South Carolina); Catawba County (North Craolina). 
 Pennsylvania; Massachusetts; New York; Oregon; Maine; Mississippi; Tennessee Arkansas; Illinois; Wisconsin; Washington; Kentucky; New Jersey; Louisiana states.
 Los Angeles; Monterrey; Santa Barbara; Ventura; San Diego; Santa Clara; San Mateo; Santa Cruz; Sutter and Sacramento (California)
 New Mexico; Colorado; Oklahoma; Lousiana; Texas; Pennsylvania; New Jersey; New York; Connecticut.; Mississippi; Wisconsin; Massachusetts; New Hampshire
 Texas; Oklahoma
 Ohio; Indiana; Kentucky; Kansas; Oklahoma; Illinois and Arkansas
 California; Maine; Great Lakes; New England; Oklahoma; Ohio; West Virginia; Kentucky; Tennessee; Georgia; Pennsylvania; New Hampshire; New York; New Jersey; Massachusetts
 Texas; Louisiana; MIssissippi; Florida; Colorado; Nebraska; and Wyoming
 Oklahoma; Iowa; Nebraska; Texas; Kansas; Missouri; Michigan; Tennessee; North and South Craolinas
 Houston (Texas); Kansas; Oklahoma; Missouri; Iowa; Wisconsin; Illinois; Nebraska 
 Greenfield (Iowa state)
 Arkansas; northern Texas; eastern Oklahoma; Kentucky; Alabama; Colorado; Missouri; Illinois
 Texas; Colorado
 Otero and Lincoln Counties (New Mexico); California; Washington states
 Texas; Louisiana
 Los Angeles; Orange; Riverside; San Bernardino counties (California); Grant; Crook; and Wheeler Counties (Oregon); Nevada
 Florida; Georgia; North Carolina; South Carolina; Tennessee; Kentucly and Virginia
 Hillsborough; Pinellas; Sarasota Volusia; Saint Petersburg; Tampa; (Florida state)
 Roswell (Chaves county; Eastern New Mexico)